{ "compressionlevel":-1,
 "height":2,
 "infinite":false,
 "layers":[
        {
         "data":[22, 23,
            1, 2],
         "height":2,
         "id":1,
         "name":"Tile Layer 1",
         "opacity":1,
         "type":"tilelayer",
         "visible":true,
         "width":2,
         "x":0,
         "y":0
        }],
 "nextlayerid":2,
 "nextobjectid":1,
 "orientation":"orthogonal",
 "renderorder":"right-down",
 "tiledversion":"1.8.5",
 "tileheight":512,
 "tilesets":[
        {
         "columns":7,
         "firstgid":1,
         "image":"moss_tileset.png",
         "imageheight":3584,
         "imagewidth":3584,
         "margin":0,
         "name":"moss_tileset",
         "spacing":0,
         "tilecount":49,
         "tileheight":512,
         "tilewidth":512
        }],
 "tilewidth":512,
 "type":"map",
 "version":"1.8",
 "width":2
}